{"cameraMode":{"drawMode":0,"name":"Shaded","section":"Shading Mode"},"sceneLighting":true,"audioPlay":false,"sceneViewState":{"showFog":true,"showMaterialUpdate":false,"showSkybox":true,"showFlares":true,"showImageEffects":true,"showParticleSystems":true},"in2DMode":false,"pivot":{"x":310.0098571777344,"y":44.849853515625,"z":594.9260864257813},"rotation":{"x":0.23206131160259248,"y":0.683700442314148,"z":-0.24523863196372987,"w":0.6469621658325195},"size":40.65955352783203,"orthographic":false}