{"cameraMode":{"drawMode":0,"name":"Shaded","section":"Shading Mode"},"sceneLighting":true,"audioPlay":false,"sceneViewState":{"showFog":true,"showMaterialUpdate":false,"showSkybox":true,"showFlares":true,"showImageEffects":true,"showParticleSystems":true},"in2DMode":false,"pivot":{"x":94.55659484863281,"y":299.03564453125,"z":710.4776000976563},"rotation":{"x":0.2709447145462036,"y":0.6699370741844177,"z":-0.28910529613494875,"w":0.6278516054153442},"size":65.75065612792969,"orthographic":false}