{"cameraMode":{"drawMode":0,"name":"Shaded","section":"Shading Mode"},"sceneLighting":false,"audioPlay":false,"sceneViewState":{"showFog":true,"showMaterialUpdate":false,"showSkybox":false,"showFlares":true,"showImageEffects":true,"showParticleSystems":true},"in2DMode":false,"pivot":{"x":-439.516357421875,"y":-261.3819885253906,"z":529.4827880859375},"rotation":{"x":0.4343279302120209,"y":-0.018913500010967256,"z":0.009122224524617195,"w":0.9005104899406433},"size":25.0519962310791,"orthographic":false}