{"cameraMode":{"drawMode":0,"name":"Shaded","section":"Shading Mode"},"sceneLighting":true,"audioPlay":false,"sceneViewState":{"showFog":true,"showMaterialUpdate":false,"showSkybox":true,"showFlares":true,"showImageEffects":true,"showParticleSystems":true},"in2DMode":false,"pivot":{"x":331.41357421875,"y":20.892169952392579,"z":-15.291793823242188},"rotation":{"x":0.0007211825577542186,"y":-0.9886252284049988,"z":0.15032455325126649,"w":0.004741808865219355},"size":195.0829620361328,"orthographic":false}