{"cameraMode":{"drawMode":0,"name":"Shaded","section":"Shading Mode"},"sceneLighting":false,"audioPlay":false,"sceneViewState":{"showFog":true,"showMaterialUpdate":false,"showSkybox":false,"showFlares":true,"showImageEffects":true,"showParticleSystems":true},"in2DMode":false,"pivot":{"x":-104.85136413574219,"y":-239.77487182617188,"z":591.9303588867188},"rotation":{"x":-0.3755919337272644,"y":0.07578418403863907,"z":-0.03083217702805996,"w":-0.9231692552566528},"size":9.449379920959473,"orthographic":false}