{"cameraMode":{"drawMode":0,"name":"Shaded","section":"Shading Mode"},"sceneLighting":false,"audioPlay":false,"sceneViewState":{"showFog":true,"showMaterialUpdate":false,"showSkybox":false,"showFlares":true,"showImageEffects":true,"showParticleSystems":true},"in2DMode":false,"pivot":{"x":-444.7523193359375,"y":-262.7113342285156,"z":529.7509155273438},"rotation":{"x":0.2196083813905716,"y":-0.39184704422950747,"z":0.09688790887594223,"w":0.8881678581237793},"size":11.79922866821289,"orthographic":false}