{"cameraMode":{"drawMode":0,"name":"Shaded","section":"Shading Mode"},"sceneLighting":false,"audioPlay":false,"sceneViewState":{"showFog":true,"showMaterialUpdate":false,"showSkybox":false,"showFlares":true,"showImageEffects":true,"showParticleSystems":true},"in2DMode":false,"pivot":{"x":-453.1887512207031,"y":-259.5610656738281,"z":538.3890380859375},"rotation":{"x":-0.07530419528484345,"y":0.2262352555990219,"z":-0.017544694244861604,"w":-0.9710021615028381},"size":7.467023849487305,"orthographic":false}