{"cameraMode":{"drawMode":0,"name":"Shaded","section":"Shading Mode"},"sceneLighting":true,"audioPlay":false,"sceneViewState":{"showFog":true,"showMaterialUpdate":false,"showSkybox":true,"showFlares":true,"showImageEffects":true,"showParticleSystems":true},"in2DMode":false,"pivot":{"x":311.9129638671875,"y":56.18179702758789,"z":641.9955444335938},"rotation":{"x":-0.21044981479644776,"y":-0.12773846089839936,"z":0.027748247608542444,"w":-0.9688277244567871},"size":57.84033966064453,"orthographic":false}