{"cameraMode":{"drawMode":0,"name":"Shaded","section":"Shading Mode"},"sceneLighting":true,"audioPlay":false,"sceneViewState":{"showFog":true,"showMaterialUpdate":false,"showSkybox":true,"showFlares":true,"showImageEffects":true,"showParticleSystems":true},"in2DMode":false,"pivot":{"x":52.1077880859375,"y":31.175304412841798,"z":931.7724609375},"rotation":{"x":0.3667958676815033,"y":0.18864963948726655,"z":-0.07622679322957993,"w":0.9077799320220947},"size":37.15021896362305,"orthographic":false}