{"cameraMode":{"drawMode":0,"name":"Shaded","section":"Shading Mode"},"sceneLighting":false,"audioPlay":false,"sceneViewState":{"showFog":true,"showMaterialUpdate":false,"showSkybox":false,"showFlares":true,"showImageEffects":true,"showParticleSystems":true},"in2DMode":false,"pivot":{"x":105.11182403564453,"y":56.09914779663086,"z":67.7127456665039},"rotation":{"x":-0.15377329289913178,"y":0.5938616991043091,"z":-0.11692206561565399,"w":-0.7810361981391907},"size":6.797196865081787,"orthographic":false}