{"cameraMode":{"drawMode":0,"name":"Shaded","section":"Shading Mode"},"sceneLighting":false,"audioPlay":false,"sceneViewState":{"showFog":true,"showMaterialUpdate":false,"showSkybox":false,"showFlares":true,"showImageEffects":true,"showParticleSystems":true},"in2DMode":false,"pivot":{"x":104.93733978271485,"y":25.008113861083986,"z":72.69686889648438},"rotation":{"x":-0.15377329289913178,"y":0.5938616991043091,"z":-0.11692206561565399,"w":-0.7810361981391907},"size":12.023772239685059,"orthographic":false}